[
  {
    "value": "Ciudadesincluidas",
    "synonyms": [
      "Ciudadesincluidas"
    ]
  },
  {
    "value": "Machachi",
    "synonyms": [
      "Machachi"
    ]
  },
  {
    "value": "Pelileo",
    "synonyms": [
      "Pelileo"
    ]
  },
  {
    "value": "Baños",
    "synonyms": [
      "Baños"
    ]
  },
  {
    "value": "Puyo",
    "synonyms": [
      "Puyo"
    ]
  },
  {
    "value": "Ambato",
    "synonyms": [
      "Ambato"
    ]
  },
  {
    "value": "Riobamba",
    "synonyms": [
      "Riobamba"
    ]
  },
  {
    "value": "Salcedo",
    "synonyms": [
      "Salcedo"
    ]
  },
  {
    "value": "Latacunga",
    "synonyms": [
      "Latacunga"
    ]
  },
  {
    "value": "Quito",
    "synonyms": [
      "Quito"
    ]
  },
  {
    "value": "Píllaro",
    "synonyms": [
      "Píllaro"
    ]
  }
]