[
  {
    "id": "89e03b88-7344-4bd8-9163-2c9150d2be26",
    "data": [
      {
        "text": "excelente",
        "userDefined": false
      }
    ],
    "isTemplate": false,
    "count": 0,
    "lang": "es",
    "updated": 0
  },
  {
    "id": "abc4c458-2dbe-465c-97fa-5f44b47df92c",
    "data": [
      {
        "text": "genial",
        "userDefined": false
      }
    ],
    "isTemplate": false,
    "count": 0,
    "lang": "es",
    "updated": 0
  },
  {
    "id": "ce6a9c1c-bf2a-4422-a79a-d5997f345a8c",
    "data": [
      {
        "text": "bien",
        "userDefined": false
      }
    ],
    "isTemplate": false,
    "count": 0,
    "lang": "es",
    "updated": 0
  },
  {
    "id": "e4ba4601-6293-4e39-9c6c-5cd6ab9927f4",
    "data": [
      {
        "text": "MUY BIEN",
        "userDefined": false
      }
    ],
    "isTemplate": false,
    "count": 0,
    "lang": "es",
    "updated": 0
  }
]