[
  {
    "id": "40ae4cab-76d7-466a-8935-fd5a3877b476",
    "data": [
      {
        "text": "Clear",
        "userDefined": false
      }
    ],
    "isTemplate": false,
    "count": 0,
    "lang": "es",
    "updated": 0
  },
  {
    "id": "f1c86ab0-cb25-43ba-8cbb-c0c2a01e1f49",
    "data": [
      {
        "text": "Clare",
        "userDefined": false
      }
    ],
    "isTemplate": false,
    "count": 2,
    "lang": "es",
    "updated": 0
  },
  {
    "id": "483269fa-9ba6-4aff-b5d5-04a64c08eeff",
    "data": [
      {
        "text": "¿Qué ",
        "userDefined": false
      },
      {
        "text": "es",
        "userDefined": false
      },
      {
        "text": " ",
        "userDefined": false
      },
      {
        "text": "clare",
        "userDefined": false
      },
      {
        "text": "?",
        "userDefined": false
      }
    ],
    "isTemplate": false,
    "count": 0,
    "lang": "es",
    "updated": 0
  },
  {
    "id": "96a2c907-cb74-49fd-baf3-a76f7aca9a22",
    "data": [
      {
        "text": "Que ",
        "userDefined": false
      },
      {
        "text": "es",
        "userDefined": false
      },
      {
        "text": " clear",
        "userDefined": false
      }
    ],
    "isTemplate": false,
    "count": 0,
    "lang": "es",
    "updated": 0
  },
  {
    "id": "ae01a10f-5db2-4584-9fc2-66f94faab90a",
    "data": [
      {
        "text": "Que ",
        "userDefined": false
      },
      {
        "text": "es",
        "userDefined": false
      },
      {
        "text": " ",
        "userDefined": false
      },
      {
        "text": "clare",
        "userDefined": false
      }
    ],
    "isTemplate": false,
    "count": 1,
    "lang": "es",
    "updated": 0
  },
  {
    "id": "70c8b732-eafe-464a-8d2a-55b7ec114d44",
    "data": [
      {
        "text": "clare",
        "userDefined": false
      }
    ],
    "isTemplate": false,
    "count": 2,
    "lang": "es",
    "updated": 0
  },
  {
    "id": "32c26a97-aee1-4133-a5d8-7a95712d53be",
    "data": [
      {
        "text": "y que ",
        "userDefined": false
      },
      {
        "text": "es",
        "userDefined": false
      },
      {
        "text": " ",
        "userDefined": false
      },
      {
        "text": "clare",
        "userDefined": false
      }
    ],
    "isTemplate": false,
    "count": 0,
    "lang": "es",
    "updated": 0
  }
]