[
  {
    "data": [
      {
        "text": "estas en ",
        "userDefined": false
      },
      {
        "text": "loja",
        "meta": "@sys.person",
        "alias": "person",
        "userDefined": false
      }
    ],
    "isTemplate": false,
    "count": 1,
    "lang": "es",
    "updated": 0
  },
  {
    "data": [
      {
        "text": "estas en ",
        "userDefined": false
      },
      {
        "text": "cuenca",
        "meta": "@sys.person",
        "alias": "person",
        "userDefined": false
      }
    ],
    "isTemplate": false,
    "count": 0,
    "lang": "es",
    "updated": 0
  },
  {
    "data": [
      {
        "text": "estas en ",
        "userDefined": false
      },
      {
        "text": "loja",
        "meta": "@ecuadorciudades",
        "alias": "ciudadnocincluida",
        "userDefined": false
      }
    ],
    "isTemplate": false,
    "count": 5,
    "lang": "es",
    "updated": 0
  },
  {
    "data": [
      {
        "text": "estas en ",
        "userDefined": false
      },
      {
        "text": "cuenca",
        "meta": "@ecuadorciudades",
        "alias": "ciudadnocincluida",
        "userDefined": false
      }
    ],
    "isTemplate": false,
    "count": 2,
    "lang": "es",
    "updated": 0
  }
]