[
  {
    "id": "c4eb2071-6865-4e1b-b329-6ece8e91fb07",
    "data": [
      {
        "text": "y que ",
        "userDefined": false
      },
      {
        "text": "servicios",
        "userDefined": false
      },
      {
        "text": " ",
        "userDefined": false
      },
      {
        "text": "dan",
        "userDefined": false
      }
    ],
    "isTemplate": false,
    "count": 1,
    "lang": "es",
    "updated": 0
  },
  {
    "id": "9ef4a1bf-3201-4799-affe-6767952f1a66",
    "data": [
      {
        "text": "capacitación",
        "userDefined": false
      }
    ],
    "isTemplate": false,
    "count": 0,
    "lang": "es",
    "updated": 0
  },
  {
    "id": "429433ba-a41e-4c82-ba1a-ef188d672c5a",
    "data": [
      {
        "text": "Asesoría",
        "userDefined": false
      }
    ],
    "isTemplate": false,
    "count": 0,
    "lang": "es",
    "updated": 0
  },
  {
    "id": "bb544e31-6813-464e-ad7f-9dc06073c4ef",
    "data": [
      {
        "text": "Cursos",
        "userDefined": false
      }
    ],
    "isTemplate": false,
    "count": 0,
    "lang": "es",
    "updated": 0
  },
  {
    "id": "ee748344-f0a4-4ce2-b2b0-842fede35b6e",
    "data": [
      {
        "text": "Que ofrecen",
        "userDefined": false
      }
    ],
    "isTemplate": false,
    "count": 0,
    "lang": "es",
    "updated": 0
  },
  {
    "id": "b053d23e-7c98-4d5f-90eb-5a4673a053ba",
    "data": [
      {
        "text": "Que ofreces",
        "userDefined": false
      }
    ],
    "isTemplate": false,
    "count": 0,
    "lang": "es",
    "updated": 0
  },
  {
    "id": "4dcf45f3-37f2-42ff-b343-c0d00b80ba70",
    "data": [
      {
        "text": "Que hacen",
        "userDefined": false
      }
    ],
    "isTemplate": false,
    "count": 0,
    "lang": "es",
    "updated": 0
  },
  {
    "id": "f1c8298e-a0eb-46b2-840d-3952b5f73625",
    "data": [
      {
        "text": "Servicios",
        "userDefined": false
      }
    ],
    "isTemplate": false,
    "count": 0,
    "lang": "es",
    "updated": 0
  },
  {
    "id": "cb118087-98ba-4601-a538-26ed4b35ca18",
    "data": [
      {
        "text": "que ",
        "userDefined": false
      },
      {
        "text": "asesorías",
        "userDefined": false
      },
      {
        "text": " ofrecen",
        "userDefined": false
      }
    ],
    "isTemplate": false,
    "count": 0,
    "lang": "es",
    "updated": 0
  },
  {
    "id": "a59630f9-58c0-4597-9217-484d9f697b2b",
    "data": [
      {
        "text": "que capacitaciones ofrecen",
        "userDefined": false
      }
    ],
    "isTemplate": false,
    "count": 0,
    "lang": "es",
    "updated": 0
  },
  {
    "id": "9212c444-4055-4685-ad9e-09f6c4a8f5d2",
    "data": [
      {
        "text": "que ",
        "userDefined": false
      },
      {
        "text": "cursos",
        "userDefined": false
      },
      {
        "text": " ofrecen",
        "userDefined": false
      }
    ],
    "isTemplate": false,
    "count": 0,
    "lang": "es",
    "updated": 0
  },
  {
    "id": "d12a0e03-e5d8-445b-bb02-a1b83bd7d6d0",
    "data": [
      {
        "text": "que ",
        "userDefined": false
      },
      {
        "text": "servicios",
        "userDefined": false
      },
      {
        "text": " ofrecen",
        "userDefined": false
      }
    ],
    "isTemplate": false,
    "count": 0,
    "lang": "es",
    "updated": 0
  },
  {
    "id": "079e96ce-92fa-46cd-b1b9-de0bfec98e83",
    "data": [
      {
        "text": "Que ",
        "userDefined": false
      },
      {
        "text": "servicios",
        "userDefined": false
      },
      {
        "text": " ofreces",
        "userDefined": false
      }
    ],
    "isTemplate": false,
    "count": 0,
    "lang": "es",
    "updated": 0
  }
]