[
  {
    "id": "60e62b50-15ec-466f-872e-85adcedd2cd6",
    "data": [
      {
        "text": "¿Qué ",
        "userDefined": false
      },
      {
        "text": "es",
        "userDefined": false
      },
      {
        "text": " farquimvet?",
        "userDefined": false
      }
    ],
    "isTemplate": false,
    "count": 0,
    "lang": "es",
    "updated": 0
  },
  {
    "id": "401b4709-38df-44e6-a9ed-58a8b4c8dab5",
    "data": [
      {
        "text": "Que ",
        "userDefined": false
      },
      {
        "text": "es",
        "userDefined": false
      },
      {
        "text": " farquimvet",
        "userDefined": false
      }
    ],
    "isTemplate": false,
    "count": 0,
    "lang": "es",
    "updated": 0
  },
  {
    "id": "496709df-222a-4dbe-8ec1-a78b3ee6b350",
    "data": [
      {
        "text": "¿Qué son?",
        "userDefined": false
      }
    ],
    "isTemplate": false,
    "count": 0,
    "lang": "es",
    "updated": 0
  },
  {
    "id": "b3671e15-de36-4902-b1fb-21a95fb73d03",
    "data": [
      {
        "text": "Que son",
        "userDefined": false
      }
    ],
    "isTemplate": false,
    "count": 0,
    "lang": "es",
    "updated": 0
  },
  {
    "id": "d2b0d967-b1f6-4964-a6f3-8b3207a7b620",
    "data": [
      {
        "text": "¿Quiénes son?",
        "userDefined": false
      }
    ],
    "isTemplate": false,
    "count": 0,
    "lang": "es",
    "updated": 0
  },
  {
    "id": "73bd3b29-b9bd-4a99-833f-a7e93fbf182e",
    "data": [
      {
        "text": "¿Qué tipo ",
        "userDefined": false
      },
      {
        "text": "de",
        "userDefined": false
      },
      {
        "text": " ",
        "userDefined": false
      },
      {
        "text": "empresa",
        "userDefined": false
      },
      {
        "text": " son?",
        "userDefined": false
      }
    ],
    "isTemplate": false,
    "count": 0,
    "lang": "es",
    "updated": 0
  },
  {
    "id": "4f8ab915-c614-4eff-a3cf-6f9eef40cf5f",
    "data": [
      {
        "text": "farquinvet",
        "userDefined": false
      }
    ],
    "isTemplate": false,
    "count": 0,
    "lang": "es",
    "updated": 0
  },
  {
    "id": "4a0f290c-f1ab-435c-825b-7d2b29ab1f72",
    "data": [
      {
        "text": "¿Qué tipo de empresa son?",
        "userDefined": false
      }
    ],
    "isTemplate": false,
    "count": 1,
    "lang": "es",
    "updated": 0
  },
  {
    "id": "85165966-ae44-4c93-a394-9aa496f273a9",
    "data": [
      {
        "text": "Quienes son",
        "userDefined": false
      }
    ],
    "isTemplate": false,
    "count": 0,
    "lang": "es",
    "updated": 0
  },
  {
    "id": "2aca1941-5575-468b-82a0-1653a54e3815",
    "data": [
      {
        "text": "Que tipo ",
        "userDefined": false
      },
      {
        "text": "de",
        "userDefined": false
      },
      {
        "text": " ",
        "userDefined": false
      },
      {
        "text": "empresa",
        "userDefined": false
      },
      {
        "text": " son",
        "userDefined": false
      }
    ],
    "isTemplate": false,
    "count": 1,
    "lang": "es",
    "updated": 0
  },
  {
    "id": "d5943611-e874-4e6e-8fb2-f2f5ebe07d0a",
    "data": [
      {
        "text": "¿Qué hace Farquimvet?",
        "userDefined": false
      }
    ],
    "isTemplate": false,
    "count": 0,
    "lang": "es",
    "updated": 0
  },
  {
    "id": "f276b411-b392-439d-86f0-4de7c03546e0",
    "data": [
      {
        "text": "Que hace Farquimvet",
        "userDefined": false
      }
    ],
    "isTemplate": false,
    "count": 3,
    "lang": "es",
    "updated": 0
  }
]