[
  {
    "id": "d0d89f27-e497-4539-854e-e71ccff66966",
    "data": [
      {
        "text": "información",
        "userDefined": true
      },
      {
        "text": " ",
        "userDefined": false
      },
      {
        "text": "de",
        "userDefined": true
      },
      {
        "text": " ",
        "userDefined": false
      },
      {
        "text": "contacto",
        "userDefined": true
      }
    ],
    "isTemplate": false,
    "count": 0,
    "lang": "es",
    "updated": 0
  },
  {
    "id": "85d6486a-1fc2-4553-94a8-553c46396362",
    "data": [
      {
        "text": "Información de contacto",
        "userDefined": false
      }
    ],
    "isTemplate": false,
    "count": 3,
    "lang": "es",
    "updated": 0
  }
]