[
  {
    "id": "abf78ecc-982d-4d36-85a8-0aedf4814b1c",
    "data": [
      {
        "text": "que sabes hacer",
        "userDefined": false
      }
    ],
    "isTemplate": false,
    "count": 1,
    "lang": "es",
    "updated": 0
  },
  {
    "id": "f8764bed-eb58-4966-87c4-4f4bd5ada7d9",
    "data": [
      {
        "text": "Menú",
        "userDefined": false
      }
    ],
    "isTemplate": false,
    "count": 0,
    "lang": "es",
    "updated": 0
  },
  {
    "id": "a2be2185-9a15-4767-97c3-e283fee4c61b",
    "data": [
      {
        "text": "Más",
        "userDefined": false
      }
    ],
    "isTemplate": false,
    "count": 0,
    "lang": "es",
    "updated": 0
  }
]